{
  "version": "1.0.0",
  "trained_at": "2025-12-24T20:24:13.811730",
  "feature_names": [
    "duration_seconds",
    "log_line_count",
    "char_density",
    "error_count",
    "warning_count",
    "step_count",
    "unique_templates",
    "template_entropy",
    "suspicious_pattern_count",
    "external_ip_count",
    "external_url_count",
    "base64_pattern_count"
  ],
  "training_stats": {
    "n_samples": 1050,
    "n_features": 12,
    "n_anomalies_detected": 53,
    "anomaly_ratio": 0.05047619047619047,
    "score_mean": 0.13298786983341887,
    "score_std": 0.055804662143734224,
    "feature_means": {
      "duration_seconds": 156.45256801090625,
      "log_line_count": 2400.972380952381,
      "char_density": 67.6900753112373,
      "error_count": 35.1152380952381,
      "warning_count": 54.75714285714286,
      "step_count": 9.747619047619047,
      "unique_templates": 335.4533333333333,
      "template_entropy": 6.873698589973684,
      "suspicious_pattern_count": 4.523809523809524,
      "external_ip_count": 0.0,
      "external_url_count": 0.8095238095238095,
      "base64_pattern_count": 0.0
    },
    "feature_stds": {
      "duration_seconds": 97.21092933269865,
      "log_line_count": 1113.1557337187858,
      "char_density": 36.331921681046595,
      "error_count": 29.8547653243889,
      "warning_count": 43.84580694743627,
      "step_count": 5.402407316358046,
      "unique_templates": 180.61000390698348,
      "template_entropy": 0.8287479746992717,
      "suspicious_pattern_count": 20.240731964751852,
      "external_ip_count": 0.0,
      "external_url_count": 3.6220257200082258,
      "base64_pattern_count": 0.0
    }
  },
  "config": {
    "n_estimators": 100,
    "contamination": 0.05
  }
}